control_id,display_order,group,label,definition,why_it_matters,concept_map_node,model_link_type,model_representation_needed,process_ids,process_id_status,notes
post_disturbance_climate_sequence,1,Climate & timing,Post-disturbance weather sequence,"Order and wetness of the years that follow a disturbance (wet vs dry years, drought timing), including whether effects are observed in low- or high-snow years.",The same disturbance can raise or lower ET and yield depending on the years that follow; short observation windows may not generalize.,Climate,forcing_scenario,Multi-year forcing and experiments that vary disturbance timing relative to climate; not a model-coverage question.,,not_applicable,
background_aridity,2,Climate & timing,Background aridity / water vs energy limitation,Whether pre-disturbance ET was mainly water- or energy-limited; ,Generally humid catchment show greater changes in water yield with vegetation change ,Climate,forcing_scenario; process,Water-stress limitation of transpiration and soil evaporation.,leaf_stomatal_conductance;leaf_transpiration;soil_evaporation;root_water_uptake,mapped,
disturbance_type_severity,3,Disturbance footprint,Disturbance type and severity,"Stand-replacing (clearcut, high-severity fire) vs partial removal (insects, drought, thinning, low-severity fire), and removal intensity.",Partial disturbances more often give no change or decreases in yield; response scales nonlinearly with intensity.,Disturbance; Mortality/removal,scenario; dynamics,"Disturbance/mortality that can remove part of the stand, with survivors.",mortality;disturbance_fire;disturbance_forestry;disturbance_pest;disturbance_drought,mapped,
disturbance_extent_position,4,Disturbance footprint,Disturbance extent and spatial position,"Fraction of watershed affected, riparian vs upslope position, patchiness and severity mosaic.",Area-affected rules of thumb mask density variation; water released upslope may be used downslope rather than reaching the stream.,Disturbance,structure,Spatially distributed disturbance with lateral water redistribution.,lateral_surface;lateral_shallow_subsurface;lateral_groundwater,needs_new_id,No evidence rows yet.
recovery_rate,5,Vegetation Pre/Post,Post change growth,"Speed of new regrowth and of residual-plant growth after disturbance, including overshoot above pre-disturbance leaf area.",Regrowth rate control longeivity of hydrologic change (often less than decade); growth pulses can raise later drought stress.,Growth,dynamics,Prognostic vegetation (dynamic LAI/biomass) rather than prescribed or static post-disturbance cover.,growth;leaf_growth;stem_growth;root_growth;recruitment,mapped,
understory_residual_response,6,Vegetation Pre/Post,Understory and residual vegetation water use,"Transpiration by surviving trees, shrubs and herbs after overstory loss.","Can offset or exceed overstory ET loss, producing unchanged or reduced water yields, infiltration ",Ecophysiology,process,Separate understory canopy layer with its own water and energy fluxes.,leaf_transpiration;canopy_rad_transfer,needs_new_id,
species_type_change,7,Vegetation Pre/Post,Species or vegetation-type change,"Shifts in functional type, species composition during recovery (e.g., conifer forest to shrubland).","Dense, high-LAI or high water use species in replacement vegetation can use more water than the forest it replaced.  Conversely with low water use species",Community composition,dynamics,Community composition / PFT change during recovery.,community_assembly;recruitment,mapped,
canopy_structure_density,8,Vegetation Pre/Post,Pre-disturbance canopy structure and composition,"Gap size, residual stem density and canopy cover within disturbed stands, not just area disturbed.","Vegetation structure/composition prior to and following disturbance impact radiation, water use impacts of disturbance - removal of larger versus small trees, understory removal all impact water differently","Disturbance, Ecophysiology",process; structure,"Canopy radiative transfer, snow interception, sub-grid gaps.",canopy_structure;canopy_rad_transfer;vegetation_interception_throughfall,mapped,Includes canopy_structure example row in process_coverage.csv as a likely match.
radiation_exposure,9,Topography & surface energy,"Radiation exposure (latitude, aspect, elevation)",Net radiation reaching the surface as set by sun angle and terrain.,Slope and aspects impacts on radiation can change sensitivity of ET/snow to vegetation change; ,Snow; Evapotranspiration,process,Topographic correction of shortwave and longwave radiation.,input_radiation;canopy_rad_transfer,mapped,
precip_phase_rain_snow,10,Snow,Rain-snow regime,"Fraction of precipitation falling as snow, and shifts toward rain.",Changes which canopy-snow processes matter; reported decreases cluster in regions expected to lose snow.,Snow,process,Rain/snow partitioning and snow accumulation.,snow_accumulation;input_precipitation;input_temperature,mapped,
snow_accumulation_melt,11,Snow,"Snow melt, accumulation and sublimation","Vegetation change alteration of  interception and radiative transfer  can effects snow accumulation, melt and sublimation rates",Sublimation losses and the timing/rate of melt are sensitive to vegetation structure,Snow; Evapotranspiration,process,"Vegetation interception of snow, vegetation longwave and shortwave",input_radiation;canopy_rad_transfer;snow_accumulation;snow_melt;snow_sublimation;canopy_structure;vegetation_interception_throughfall,mapped,
snow_surface_albedo_debris,12,Snow,Snow-surface albedo (litter and char),"Needles, bark and charred debris darkening the snow surface after insects or fire.","Litter and fire debris can speeds ablation, disturbance can alter this",Snow,process,Snow albedo that responds to litter/debris deposition.,snow_albedo;litter_accumulation_decomposition,mapped,
snowmelt_synchrony,13,Snow,Snowmelt synchrony across the watershed,Whether disturbance aligns or spreads melt timing across elevations and aspects.,"Controls whether peak flows rise, fall or shift in timing.",Snow; Stream/river flow,process; structure,Spatially distributed snowmelt and routing.,snow_melt;lateral_surface;river_channel_flow,mapped,
plant_accessible_storage,14,Soils & subsurface,Plant-accessible water storage capacity,"Water that roots can reach and use, held in soil, saprolite and fractured bedrock.","Determines whether water released by disturbance relieves stress of survivors, is transpired, or drains.",Subsurface storage,parameter,"Rooting-zone storage capacity (rooting depth, field capacity, wilting point).",soil_water_storage;soil_water_retention;root_morphology,mapped,
root_water_sharing,15,Soils & subsurface,Root water sharing among neighbors,Whether remaining plants can access water previously used by removed plants (belowground neighborhood).,Sets how quickly survivors capture released water and can flip the sign of the ET change.,Subsurface storage; Ecophysiology,structure; parameter,Sub-grid root access to shared vs local storage; individual/cohort vs bulk-stand representation.,root_water_uptake;soil_water_storage,needs_new_id,
subsurface_storage_routing,16,Soils & subsurface,Deeper storage and flowpaths,"Depth to bedrock, deep storage and lateral flowpaths that route released water to streams or downslope vegetation.",Determines whether water not used on site reaches streamflow.,Subsurface storage; Stream/river flow,process; parameter,"Lateral subsurface flow, groundwater storage.",lateral_shallow_subsurface;lateral_groundwater;soil_vertical_drainage,mapped,
post_fire_soil_change,17,Soils & subsurface,Post-fire soil changes,Water repellency and altered infiltration after fire and other disturbances,Shifts partitioning toward overland flow and can change peak flows.,Subsurface storage; Stream/river flow,process,Fire effects on infiltration and surface runoff.,soil_infiltration;lateral_surface;soil_permeability;disturbance_fire,mapped,No evidence rows yet.
subcanopy_evaporation_sublimation,18,Soils & subsurface,Soil Evaporation,Soil evaporation can increase when the canopy opens.,Can offset reduced transpiration and canopy interception losses.,Evapotranspiration,process,Soil evaporation and snowpack sublimation driven by subcanopy radiation and turbulence.,soil_evaporation;snow_sublimation;litter_evaporation;canopy_turbulence_aero,mapped,
