evidence_id,control_id,study_citation,doi,cited_via,extraction_source,location_name,region,koppen_geiger,whittaker_biome,geo_basis,veg_change_type,disturbance_class,hydro_response_metric,method,model_used,claim_strength,finding,effect_summary,context_note,figure_table_source,confidence,notes_flags
ctl_001,plant_accessible_storage,"Tague & Moritz 2019, Front. For. Glob. Change",10.3389/ffgc.2019.00036,,primary,Southern Sierra Nevada (Grant Grove forcing; SCZO calibration),"CA, USA",Csb,Temperate seasonal forest,named_site_estimated,thinning,partial_removal,ET; LAI; NPP,simulation,RHESSys,tested,important,"Whether stand ET falls or rises after thinning, and how fast LAI and ET recover, depended strongly on plant-accessible storage; deep storage gave faster ET recovery.","Three storage levels (shallow ~0.3 m to deep ~2 m PAWSC); single 30 m patch, stand scale, no lateral flow.",Figs 5-8; Tables 1-2,high,koppen_needs_geocoding
ctl_002,root_water_sharing,"Tague & Moritz 2019, Front. For. Glob. Change",10.3389/ffgc.2019.00036,,primary,Southern Sierra Nevada (Grant Grove forcing; SCZO calibration),"CA, USA",Csb,Temperate seasonal forest,named_site_estimated,thinning,partial_removal,ET; LAI; biomass,simulation,RHESSys,tested,important,"When remaining trees could use water freed by removed trees, LAI and biomass recovered faster and ET stayed higher; with shallow storage, stand ET exceeded pre-thinning in some years.","Shared (DIFFUSE) vs local (LOCAL) scenarios are bounding end-members, not observed conditions.",Figs 5-8; Table 2,high,koppen_needs_geocoding
ctl_003,post_disturbance_climate_sequence,"Tague & Moritz 2019, Front. For. Glob. Change",10.3389/ffgc.2019.00036,,primary,Southern Sierra Nevada (Grant Grove forcing; SCZO calibration),"CA, USA",Csb,Temperate seasonal forest,named_site_estimated,thinning,partial_removal,ET; NPP,simulation,RHESSys,tested,important,"Across 13 post-treatment climate trajectories, the year-2 ET change after 40% thinning (mid storage, shared roots) ranged from about -100 to +30 mm/yr; drought years following a growth release lowered NPP of remaining trees.",Treatment start year varied 1955-2015 in 5-yr steps with 15-yr recovery; trajectories overlap so are not independent.,"Figs 3, 7, 11",high,koppen_needs_geocoding
ctl_004,recovery_rate,"Tague & Moritz 2019, Front. For. Glob. Change",10.3389/ffgc.2019.00036,,primary,Southern Sierra Nevada (Grant Grove forcing; SCZO calibration),"CA, USA",Csb,Temperate seasonal forest,named_site_estimated,thinning,partial_removal,LAI; ET; NPP,simulation,RHESSys,tested,conditional,"Residual-tree release and regrowth pushed LAI above pre-thinning within ~a decade, raising ET and, in some drought years, lowering NPP (structural overshoot); strength depended on storage and root sharing.",Regrowth initialized as seedlings; no explicit reproduction.,"Figs 5-6, 9-11",high,koppen_needs_geocoding
ctl_005,disturbance_type_severity,"Tague & Moritz 2019, Front. For. Glob. Change",10.3389/ffgc.2019.00036,,primary,Southern Sierra Nevada (Grant Grove forcing; SCZO calibration),"CA, USA",Csb,Temperate seasonal forest,named_site_estimated,thinning,partial_removal,ET; biomass,simulation,RHESSys,tested,conditional,"ET change magnitude increased with thinning intensity (10-40%) but not linearly, and interacted with storage level.",Uniform biomass removal; overstory and understory not distinguished.,Fig 8; Table 2,high,koppen_needs_geocoding; understory not separated so no understory row
ctl_006,disturbance_type_severity,"Goeking & Tarboton 2020, J. For.",10.1093/jofore/fvz069,,primary_review,"78 studies, western coniferous forests",Western US and Canada,multiple,multiple,review_multi_site,multiple,mixed,water_yield,review,,synthesized,important,Water-yield decreases were reported more often after non-stand-replacing disturbance (8 of 19 studies) than stand-replacing (3 of 17).,Many studies reported mixed responses so counts overlap.,Table 3,high,counts are review-level; region too broad for Koppen
ctl_007,radiation_exposure,"Goeking & Tarboton 2020, J. For.",10.1093/jofore/fvz069,,primary_review,"78 studies, western coniferous forests",Western US and Canada,multiple,multiple,review_multi_site,multiple,mixed,water_yield; SWE,review,,synthesized,important,"Yield and snowpack decreases concentrated where net radiation is high (lower latitudes, south-facing slopes).",Review-level pattern across observational and simulation studies.,Management box; Linkage section,high,counts are review-level; region too broad for Koppen
ctl_008,radiation_exposure,"Goeking & Tarboton 2020, J. For.",10.1093/jofore/fvz069,,primary_review,"78 studies, western coniferous forests",Western US and Canada,multiple,multiple,review_multi_site,multiple,mixed,SWE,review,,synthesized,conditional,SWE increases after disturbance were consistent in most northern studies (9 of 13) but in fewer US studies farther south (5 of 13).,Latitude used as proxy for radiation.,SWE section,high,counts are review-level; region too broad for Koppen
ctl_009,understory_residual_response,"Goeking & Tarboton 2020, J. For.",10.1093/jofore/fvz069,,primary_review,"78 studies, western coniferous forests",Western US and Canada,multiple,multiple,review_multi_site,multiple,non_stand_replacing,water_yield; ET,review,,synthesized,important,Decreases after partial mortality were attributed to understory and surviving-vegetation transpiration outweighing overstory ET loss.,,Fig 1b; Table 5,high,counts are review-level; region too broad for Koppen
ctl_010,species_type_change,"Goeking & Tarboton 2020, J. For.",10.1093/jofore/fvz069,,primary_review,"78 studies, western coniferous forests",Western US and Canada,multiple,multiple,review_multi_site,multiple,stand_replacing,water_yield,review,,synthesized,important,"Two of three yield decreases after stand-replacing disturbance were explained by conversion to dense, high-transpiration shrubs.","Both were simulation studies (see Bart 2016, Bennett 2018 rows).",Water Yield section; Table 5,high,counts are review-level; region too broad for Koppen
ctl_011,recovery_rate,"Goeking & Tarboton 2020, J. For.",10.1093/jofore/fvz069,,primary_review,"78 studies, western coniferous forests",Western US and Canada,multiple,multiple,review_multi_site,multiple,mixed,water_yield; low_flow,review,,synthesized,important,"Only 21 of 78 studies represented multi-year regrowth; beyond ~a decade, responses can return to baseline or reverse sign.",Static post-disturbance LAI was the common assumption.,Direct and Indirect Effects section,high,counts are review-level; region too broad for Koppen
ctl_012,subcanopy_evaporation_sublimation,"Goeking & Tarboton 2020, J. For.",10.1093/jofore/fvz069,,primary_review,"78 studies, western coniferous forests",Western US and Canada,multiple,multiple,review_multi_site,multiple,mixed,ET; SWE; soil_moisture,review,,synthesized,important,Increased soil evaporation and snowpack sublimation under opened canopies can offset reduced transpiration and interception.,,Evapotranspiration section,high,counts are review-level; region too broad for Koppen
ctl_013,canopy_structure_density,"Goeking & Tarboton 2020, J. For.",10.1093/jofore/fvz069,,primary_review,"78 studies, western coniferous forests",Western US and Canada,multiple,multiple,review_multi_site,multiple,mixed,SWE,review,,synthesized,conditional,Snow retention varied nonlinearly with density; moderate density retained most snow in cold winters and sparser cover in warmer winters (about -1 C mean winter temperature as the split).,Pattern drawn mainly from Lundquist et al. 2013.,SWE section; Management section,high,counts are review-level; region too broad for Koppen
ctl_014,snow_surface_albedo_debris,"Goeking & Tarboton 2020, J. For.",10.1093/jofore/fvz069,,primary_review,"78 studies, western coniferous forests",Western US and Canada,multiple,multiple,review_multi_site,multiple,mixed,SWE,review,,synthesized,important,Debris and char on snow lowered albedo and accelerated ablation after insect mortality or fire.,,SWE section,high,counts are review-level; region too broad for Koppen
ctl_015,snowmelt_synchrony,"Goeking & Tarboton 2020, J. For.",10.1093/jofore/fvz069,,primary_review,"78 studies, western coniferous forests",Western US and Canada,multiple,multiple,review_multi_site,multiple,mixed,peak_flow,review,,synthesized,conditional,Peak-flow response depended on whether disturbance synchronized or desynchronized melt across elevations.,,Peak Flows section,high,counts are review-level; region too broad for Koppen
ctl_016,post_disturbance_climate_sequence,"Goeking & Tarboton 2020, J. For.",10.1093/jofore/fvz069,,primary_review,"78 studies, western coniferous forests",Western US and Canada,multiple,multiple,review_multi_site,multiple,mixed,SWE; water_yield,review,,synthesized,conditional,Snow differences between disturbed and intact stands were largest in low-snow years; interannual variability can mask disturbance effects.,,Direct and Indirect Effects section,high,counts are review-level; region too broad for Koppen
ctl_017,background_aridity,"Goeking & Tarboton 2020, J. For.",10.1093/jofore/fvz069,,primary_review,"78 studies, western coniferous forests",Western US and Canada,multiple,multiple,review_multi_site,multiple,mixed,water_yield,review,,synthesized,conditional,"All reported decreases were in semiarid settings, yet several occurred above the 500 mm/yr rule-of-thumb threshold, so precipitation alone did not predict them.",,Table 5; Linkage section,high,counts are review-level; region too broad for Koppen
ctl_018,precip_phase_rain_snow,"Goeking & Tarboton 2020, J. For.",10.1093/jofore/fvz069,,primary_review,"78 studies, western coniferous forests",Western US and Canada,multiple,multiple,review_multi_site,multiple,mixed,peak_flow; water_yield,review,,synthesized,conditional,"Shifts toward rain can reduce peak flows, and reported decreases cluster where snow is projected to decline.",,Peak Flows section; Management section,high,counts are review-level; region too broad for Koppen
ctl_019,subsurface_storage_routing,"Evaristo & McDonnell 2019, Nature",,"Goeking & Tarboton 2020, J. For.",secondary_via_review,251 catchments worldwide,Global,multiple,multiple,review_multi_site,harvest_clearcut,stand_replacing,water_yield,statistical_analysis,,inferred,contested,Depth to bedrock was the best predictor of the magnitude of yield increase after forest removal; the analysis was critiqued by Kirchner et al. 2019.,Record critique as its own row once read.,Linkage section,medium,needs_verification_primary
ctl_020,understory_residual_response,"Biederman et al. 2014, Water Resour. Res.",,"Goeking & Tarboton 2020, J. For.",secondary_via_review,Rocky Mountains,"CO/WY, USA",Dfc,Boreal forest,named_site_estimated,insect_mortality,non_stand_replacing,water_yield; ET,observation,,inferred,important,Transpiration by surviving trees and advance regeneration helped raise ET and reduce yield after beetle kill.,,Table 5; ET section,medium,needs_verification_primary
ctl_021,subcanopy_evaporation_sublimation,"Biederman et al. 2014, Water Resour. Res.",,"Goeking & Tarboton 2020, J. For.",secondary_via_review,Rocky Mountains,"CO/WY, USA",Dfc,Boreal forest,named_site_estimated,insect_mortality,non_stand_replacing,SWE; ET,observation,,inferred,important,Higher snowpack sublimation under the opened canopy offset reduced canopy sublimation.,,Table 5; ET section,medium,needs_verification_primary
ctl_022,understory_residual_response,"Biederman et al. 2015, Water Resour. Res.",,"Goeking & Tarboton 2020, J. For.",secondary_via_review,Rocky Mountains,"CO, USA",Dfc,Boreal forest,named_site_estimated,insect_mortality,non_stand_replacing,water_yield,observation,,inferred,important,Little or negative yield response attributed mainly to understory transpiration.,,Table 5,medium,needs_verification_primary
ctl_023,understory_residual_response,"Guardiola-Claramonte et al. 2011, J. Hydrol.",,"Goeking & Tarboton 2020, J. For.",secondary_via_review,Colorado Plateau,"AZ/CO/NM/UT, USA",BSk,Woodland/shrubland,named_site_estimated,drought_mortality,non_stand_replacing,water_yield,observation,,inferred,important,"Herbaceous understory transpiration increased after pinon die-off, reducing streamflow.",,Table 5,medium,needs_verification_primary
ctl_024,subcanopy_evaporation_sublimation,"Guardiola-Claramonte et al. 2011, J. Hydrol.",,"Goeking & Tarboton 2020, J. For.",secondary_via_review,Colorado Plateau,"AZ/CO/NM/UT, USA",BSk,Woodland/shrubland,named_site_estimated,drought_mortality,non_stand_replacing,water_yield,observation,,inferred,important,Greater soil evaporation from increased surface insolation contributed to reduced streamflow.,,Table 5,medium,needs_verification_primary
ctl_025,species_type_change,"Bart et al. 2016, PLoS ONE",,"Goeking & Tarboton 2020, J. For.",secondary_via_review,Sierra Nevada,"CA, USA",Csb,Woodland/shrubland,named_site_estimated,type_conversion,stand_replacing,water_yield,simulation,RHESSys,tested,important,Tree-to-shrub conversion could reduce streamflow where dense shrubs transpire heavily.,,Table 5,medium,needs_verification_primary
ctl_026,species_type_change,"Bennett et al. 2018, Hydrol. Earth Syst. Sci.",,"Goeking & Tarboton 2020, J. For.",secondary_via_review,San Juan River sub-basin,"AZ/CO/NM/UT, USA",multiple,multiple,review_multi_site,multiple,mixed,water_yield,simulation,VIC,tested,important,Dense post-disturbance shrubs drove projected yield decreases.,,Table 5,medium,needs_verification_primary
ctl_027,recovery_rate,"Perry & Jones 2017, Ecohydrology",,"Goeking & Tarboton 2020, J. For.",secondary_via_review,Pacific Northwest Douglas-fir,"OR, USA",Csb,Temperate rain forest,named_site_estimated,harvest_clearcut,stand_replacing,low_flow,observation,,inferred,important,"Summer low flows rose after harvest, then fell below pre-harvest levels within ~15 years as plantations regrew, persisting for decades.",Long record; climate variability ruled out per review.,Low Flows section,medium,needs_verification_primary
ctl_028,radiation_exposure,"Ellis et al. 2011, Can. J. For. Res.",,"Goeking & Tarboton 2020, J. For.",secondary_via_review,Canadian Rockies,"AB, Canada",Dfc,Boreal forest,named_site_estimated,harvest_clearcut,stand_replacing,snow_disappearance,observation,,inferred,conditional,Whether clearings lost snow earlier or later than forest depended on aspect.,,SWE section,medium,needs_verification_primary
ctl_029,radiation_exposure,"Harpold et al. 2014, Ecohydrology",,"Goeking & Tarboton 2020, J. For.",secondary_via_review,Las Conchas fire,"NM, USA",Dfb,Temperate seasonal forest,named_site_estimated,wildfire,stand_replacing,SWE,observation,,inferred,important,Post-fire snow decreases attributed to higher radiation; aspect exceeded vegetation as a control where radiation is high.,,SWE section; Table 5 context,medium,needs_verification_primary
ctl_030,canopy_structure_density,"Lundquist et al. 2013, Water Resour. Res.",,"Goeking & Tarboton 2020, J. For.",secondary_via_review,Global plot-scale synthesis,Global,multiple,multiple,review_multi_site,multiple,na,SWE,observation_and_simulation,,tested,conditional,Lower forest density enhanced snow retention where winters are warm; denser cover retained snow in colder winters.,,SWE section; Management section,medium,needs_verification_primary
ctl_031,snow_surface_albedo_debris,"Gleason et al. 2013, Geophys. Res. Lett.",,"Goeking & Tarboton 2020, J. For.",secondary_via_review,Oregon Cascades,"OR, USA",Csb,Temperate rain forest,named_site_estimated,wildfire,stand_replacing,SWE,observation,,inferred,important,Burned woody debris lowered snow albedo and increased ablation.,,SWE section,medium,needs_verification_primary
ctl_032,snowmelt_synchrony,"Pomeroy et al. 2012, Hydrol. Process.",,"Goeking & Tarboton 2020, J. For.",secondary_via_review,Marmot Creek,"AB, Canada",Dfc,Boreal forest,named_site_estimated,multiple,mixed,peak_flow,simulation,,tested,conditional,Disturbance effects on peak flows depended on changes in melt synchrony across the basin.,,Peak Flows section,medium,needs_verification_primary
ctl_033,post_disturbance_climate_sequence,"Boon 2012, Ecohydrology",,"Goeking & Tarboton 2020, J. For.",secondary_via_review,Interior British Columbia,"BC, Canada",Dfb,Boreal forest,named_site_estimated,insect_mortality,non_stand_replacing,SWE,observation,,inferred,conditional,SWE differences between disturbed and intact stands appeared in low-snow years but not high-snow years.,,SWE section,medium,needs_verification_primary
ctl_034,subcanopy_evaporation_sublimation,"Sexstone et al. 2018, Water Resour. Res.",,"Goeking & Tarboton 2020, J. For.",secondary_via_review,Colorado mountains,"CO, USA",Dfc,Boreal forest,named_site_estimated,insect_mortality,non_stand_replacing,SWE; ET,observation_and_simulation,,tested,important,Increased snowpack sublimation offset decreased canopy sublimation after mortality.,,ET section,medium,needs_verification_primary
ctl_035,subcanopy_evaporation_sublimation,"Reed et al. 2016, Theor. Appl. Climatol.",,"Goeking & Tarboton 2020, J. For.",secondary_via_review,Wyoming,"WY, USA",Dfc,Boreal forest,named_site_estimated,insect_mortality,non_stand_replacing,ET,observation,,inferred,important,"Reduced transpiration was offset by increased soil evaporation, raising net ET.",,ET section,medium,needs_verification_primary
ctl_036,canopy_structure_density,"Stevens 2017, Ecol. Appl.",,"Goeking & Tarboton 2020, J. For.",secondary_via_review,Sierra Nevada,"CA, USA",Csb,Temperate seasonal forest,named_site_estimated,wildfire,mixed,SWE,observation,,inferred,important,"Snowpack decreased with fire severity, attributed to loss of canopy shading.",,SWE section,medium,needs_verification_primary
ctl_037,background_aridity,"Burt et al. 2015, Hydrol. Process.",,"Goeking & Tarboton 2020, J. For.",secondary_via_review,TBD,TBD,,,not_reported,harvest_clearcut,TBD,water_yield,observation,,inferred,conditional,"In wetter areas, interannual precipitation variability controlled streamflow more than forest condition.",Location not given in review.,Direct and Indirect Effects section,medium,needs_verification_primary
